Week,Date,Theme,Section,Category,Platform,Problem ID,Problem Title,Folder,Problem Link
1,2026/02/24,"I/O, EOF, absolute difference",On-Site_Examinations,On-site Easy,UVa,100,The 3n + 1 Problem,On-Site_Examinations/Week1_01_UVa100,https://onlinejudge.org/external/1/100.pdf
1,2026/02/24,"I/O, EOF, absolute difference",On-Site_Examinations,On-site Medium,UVa,10035,Primary Arithmetic,On-Site_Examinations/Week1_02_UVa10035,https://onlinejudge.org/external/100/10035.pdf
1,2026/02/24,"I/O, EOF, absolute difference",After-Class_Practices,After Class Easy,LeetCode,9,Palindrome Number,After-Class_Practices/Week1_01_LeetCode9,https://leetcode.com/problems/palindrome-number/
1,2026/02/24,"I/O, EOF, absolute difference",After-Class_Practices,After Class Medium,LeetCode,8,String to Integer,After-Class_Practices/Week1_02_LeetCode8,https://leetcode.com/problems/string-to-integer-atoi/
2,2026/03/03,"Strings, formatting",On-Site_Examinations,On-site Easy,UVa,272,TEX Quotes,On-Site_Examinations/Week2_01_UVa272,https://onlinejudge.org/external/2/272.pdf
2,2026/03/03,"Strings, formatting",On-Site_Examinations,On-site Medium,UVa,490,Rotating Sentences,On-Site_Examinations/Week2_02_UVa490,https://onlinejudge.org/external/4/490.pdf
2,2026/03/03,"Strings, formatting",After-Class_Practices,After Class Easy,LeetCode,125,Valid Palindrome,After-Class_Practices/Week2_01_LeetCode125,https://leetcode.com/problems/valid-palindrome/
2,2026/03/03,"Strings, formatting",After-Class_Practices,After Class Medium,LeetCode,6,Zigzag Conversion,After-Class_Practices/Week2_02_LeetCode6,https://leetcode.com/problems/zigzag-conversion/
3,2026/03/10,Math + corner cases,Before-Class_Exercises,Before Class Easy,LeetCode,231,Power of Two,Before-Class_Exercises/Week3_01_LeetCode231,https://leetcode.com/problems/power-of-two/
3,2026/03/10,Math + corner cases,On-Site_Examinations,On-site Easy,UVa,10783,Odd Sum,On-Site_Examinations/Week3_01_UVa10783,https://onlinejudge.org/external/107/10783.pdf
3,2026/03/10,Math + corner cases,On-Site_Examinations,On-site Medium,UVa,10170,The Hotel with Infinite Rooms,On-Site_Examinations/Week3_02_UVa10170,https://onlinejudge.org/external/101/10170.pdf
3,2026/03/10,Math + corner cases,On-Site_Examinations,On-site Easy Bonus,UVa,12149,Feynman,On-Site_Examinations/Week3_03_EasyBonus_UVa12149,https://onlinejudge.org/external/121/12149.pdf
3,2026/03/10,Math + corner cases,After-Class_Practices,After Class Easy,LeetCode,326,Power of Three,After-Class_Practices/Week3_01_LeetCode326,https://leetcode.com/problems/power-of-three/
3,2026/03/10,Math + corner cases,After-Class_Practices,After Class Medium,LeetCode,670,Maximum Swap,After-Class_Practices/Week3_02_LeetCode670,https://leetcode.com/problems/maximum-swap/
4,2026/03/17,Arrays + simulation,Before-Class_Exercises,Before Class Easy,LeetCode,169,Majority Element,Before-Class_Exercises/Week4_01_LeetCode169,https://leetcode.com/problems/majority-element/
4,2026/03/17,Arrays + simulation,Before-Class_Exercises,Before Class Medium,LeetCode,48,Rotate Image,Before-Class_Exercises/Week4_02_LeetCode48,https://leetcode.com/problems/rotate-image/
4,2026/03/17,Arrays + simulation,On-Site_Examinations,On-site Easy,UVa,11150,Cola,On-Site_Examinations/Week4_01_UVa11150,https://onlinejudge.org/external/111/11150.pdf
4,2026/03/17,Arrays + simulation,On-Site_Examinations,On-site Medium,UVa,12503,Robot Instructions,On-Site_Examinations/Week4_02_UVa12503,https://onlinejudge.org/external/125/12503.pdf
4,2026/03/17,Arrays + simulation,On-Site_Examinations,On-site Easy Bonus,UVa,10908,Large Square,On-Site_Examinations/Week4_03_EasyBonus_UVa10908,https://onlinejudge.org/external/109/10908.pdf
4,2026/03/17,Arrays + simulation,On-Site_Examinations,On-site Medium Bonus,UVa,10242,Fourth Point!!,On-Site_Examinations/Week4_04_MediumBonus_UVa10242,https://onlinejudge.org/external/102/10242.pdf
4,2026/03/17,Arrays + simulation,After-Class_Practices,After Class Easy,LeetCode,121,Best Time to Buy and Sell Stock,After-Class_Practices/Week4_01_LeetCode121,https://leetcode.com/problems/best-time-to-buy-and-sell-stock/
4,2026/03/17,Arrays + simulation,After-Class_Practices,After Class Medium,LeetCode,31,Next Permutation,After-Class_Practices/Week4_02_LeetCode31,https://leetcode.com/problems/next-permutation/
5,2026/03/24,Sorting basics,Before-Class_Exercises,Before Class Easy,LeetCode,88,Merge Sorted Array,Before-Class_Exercises/Week5_01_LeetCode88,https://leetcode.com/problems/merge-sorted-array/
5,2026/03/24,Sorting basics,Before-Class_Exercises,Before Class Medium,LeetCode,179,Largest Number,Before-Class_Exercises/Week5_02_LeetCode179,https://leetcode.com/problems/largest-number/
5,2026/03/24,Sorting basics,On-Site_Examinations,On-site Easy,UVa,299,Train Swapping,On-Site_Examinations/Week5_01_UVa299,https://onlinejudge.org/external/2/299.pdf
5,2026/03/24,Sorting basics,On-Site_Examinations,On-site Medium,UVa,10008,What's Cryptanalysis,On-Site_Examinations/Week5_02_UVa10008,https://onlinejudge.org/external/100/10008.pdf
5,2026/03/24,Sorting basics,On-Site_Examinations,On-site Easy Bonus,UVa,10420,List of Conquests,On-Site_Examinations/Week5_03_EasyBonus_UVa10420,https://onlinejudge.org/external/104/10420.pdf
5,2026/03/24,Sorting basics,On-Site_Examinations,On-site Medium Bonus,UVa,11136,Hoax or what,On-Site_Examinations/Week5_04_MediumBonus_UVa11136,https://onlinejudge.org/external/111/11136.pdf
5,2026/03/24,Sorting basics,After-Class_Practices,After Class Easy,LeetCode,349,Intersection of Two Arrays,After-Class_Practices/Week5_01_LeetCode349,https://leetcode.com/problems/intersection-of-two-arrays/
5,2026/03/24,Sorting basics,After-Class_Practices,After Class Medium,LeetCode,148,Sort List,After-Class_Practices/Week5_02_LeetCode148,https://leetcode.com/problems/sort-list/
6,2026/03/31,Median / order statistics,Before-Class_Exercises,Before Class Easy,LeetCode,414,Third Maximum Number,Before-Class_Exercises/Week6_01_LeetCode414,https://leetcode.com/problems/third-maximum-number/
6,2026/03/31,Median / order statistics,Before-Class_Exercises,Before Class Medium,LeetCode,658,Find K Closest Elements,Before-Class_Exercises/Week6_02_LeetCode658,https://leetcode.com/problems/find-k-closest-elements/
6,2026/03/31,Median / order statistics,On-Site_Examinations,On-site Easy,UVa,10931,Parity,On-Site_Examinations/Week6_01_UVa10931,https://onlinejudge.org/external/109/10931.pdf
6,2026/03/31,Median / order statistics,On-Site_Examinations,On-site Medium,UVa,10062,Tell me the frequencies,On-Site_Examinations/Week6_02_UVa10062,https://onlinejudge.org/external/100/10062.pdf
6,2026/03/31,Median / order statistics,On-Site_Examinations,On-site Easy Bonus,UVa,10107,What is the Median?,On-Site_Examinations/Week6_03_EasyBonus_UVa10107,https://onlinejudge.org/external/101/10107.pdf
6,2026/03/31,Median / order statistics,On-Site_Examinations,On-site Medium Bonus,UVa,501,Black Box,On-Site_Examinations/Week6_04_MediumBonus_UVa501,https://onlinejudge.org/external/5/501.pdf
6,2026/03/31,Median / order statistics,After-Class_Practices,After Class Easy,LeetCode,1122,Relative Sort Array,After-Class_Practices/Week6_01_LeetCode1122,https://leetcode.com/problems/relative-sort-array/
6,2026/03/31,Median / order statistics,After-Class_Practices,After Class Medium,LeetCode,378,Kth Smallest Element in a Sorted Matrix,After-Class_Practices/Week6_02_LeetCode378,https://leetcode.com/problems/kth-smallest-element-in-a-sorted-matrix/
7,2026/04/07,Binary search,Before-Class_Exercises,Before Class Easy,LeetCode,704,Binary Search,Before-Class_Exercises/Week7_01_LeetCode704,https://leetcode.com/problems/binary-search/
7,2026/04/07,Binary search,Before-Class_Exercises,Before Class Medium,LeetCode,74,Search a 2D Matrix,Before-Class_Exercises/Week7_02_LeetCode74,https://leetcode.com/problems/search-a-2d-matrix/
7,2026/04/07,Binary search,On-Site_Examinations,On-site Easy,UVa,11063,B2-Sequence,On-Site_Examinations/Week7_01_UVa11063,https://onlinejudge.org/external/110/11063.pdf
7,2026/04/07,Binary search,On-Site_Examinations,On-site Medium,UVa,10474,Where is the Marble?,On-Site_Examinations/Week7_02_UVa10474,https://onlinejudge.org/external/104/10474.pdf
7,2026/04/07,Binary search,On-Site_Examinations,On-site Easy Bonus,UVa,11413,Fill the Containers,On-Site_Examinations/Week7_03_EasyBonus_UVa11413,https://onlinejudge.org/external/114/11413.pdf
7,2026/04/07,Binary search,On-Site_Examinations,On-site Medium Bonus,UVa,10341,Solve It,On-Site_Examinations/Week7_04_MediumBonus_UVa10341,https://onlinejudge.org/external/103/10341.pdf
7,2026/04/07,Binary search,After-Class_Practices,After Class Easy,LeetCode,35,Search Insert Position,After-Class_Practices/Week7_01_LeetCode35,https://leetcode.com/problems/search-insert-position/
7,2026/04/07,Binary search,After-Class_Practices,After Class Medium,LeetCode,33,Search in Rotated Sorted Array,After-Class_Practices/Week7_02_LeetCode33,https://leetcode.com/problems/search-in-rotated-sorted-array/
9,2026/04/21,Prefix sums / difference arrays,Before-Class_Exercises,Before Class Easy,LeetCode,724,Find Pivot Index,Before-Class_Exercises/Week9_01_LeetCode724,https://leetcode.com/problems/find-pivot-index/
9,2026/04/21,Prefix sums / difference arrays,Before-Class_Exercises,Before Class Medium,LeetCode,1109,Corporate Flight Bookings,Before-Class_Exercises/Week9_02_LeetCode1109,https://leetcode.com/problems/corporate-flight-bookings/
9,2026/04/21,Prefix sums / difference arrays,On-Site_Examinations,On-site Easy,UVa,11559,Event Planning,On-Site_Examinations/Week9_01_UVa11559,https://onlinejudge.org/external/115/11559.pdf
9,2026/04/21,Prefix sums / difference arrays,On-Site_Examinations,On-site Medium,UVa,11364,Optimal Parking,On-Site_Examinations/Week9_02_UVa11364,https://onlinejudge.org/external/113/11364.pdf
9,2026/04/21,Prefix sums / difference arrays,On-Site_Examinations,On-site Easy Bonus,UVa,1121,Subsequence,On-Site_Examinations/Week9_03_EasyBonus_UVa1121,https://onlinejudge.org/external/11/1121.pdf
9,2026/04/21,Prefix sums / difference arrays,On-Site_Examinations,On-site Medium Bonus,UVa,108,Maximum Sum,On-Site_Examinations/Week9_04_MediumBonus_UVa108,https://onlinejudge.org/external/1/108.pdf
9,2026/04/21,Prefix sums / difference arrays,After-Class_Practices,After Class Easy,LeetCode,303,Range Sum Query,After-Class_Practices/Week9_01_LeetCode303,https://leetcode.com/problems/range-sum-query-immutable/
9,2026/04/21,Prefix sums / difference arrays,After-Class_Practices,After Class Medium,LeetCode,304,2D Range Sum,After-Class_Practices/Week9_02_LeetCode304,https://leetcode.com/problems/range-sum-query-2d-immutable/
10,2026/04/28,Stack,Before-Class_Exercises,Before Class Easy,LeetCode,20,Valid Parentheses,Before-Class_Exercises/Week10_01_LeetCode20,https://leetcode.com/problems/valid-parentheses/
10,2026/04/28,Stack,Before-Class_Exercises,Before Class Medium,LeetCode,394,Decode String,Before-Class_Exercises/Week10_02_LeetCode394,https://leetcode.com/problems/decode-string/
10,2026/04/28,Stack,On-Site_Examinations,On-site Easy,UVa,673,Parentheses Balance,On-Site_Examinations/Week10_01_UVa673,https://onlinejudge.org/external/6/673.pdf
10,2026/04/28,Stack,On-Site_Examinations,On-site Medium,UVa,514,Rails,On-Site_Examinations/Week10_02_UVa514,https://onlinejudge.org/external/5/514.pdf
10,2026/04/28,Stack,On-Site_Examinations,On-site Easy Bonus,UVa,1062,Containers,On-Site_Examinations/Week10_03_EasyBonus_UVa1062,https://onlinejudge.org/external/10/1062.pdf
10,2026/04/28,Stack,On-Site_Examinations,On-site Medium Bonus,UVa,732,Anagrams by Stack,On-Site_Examinations/Week10_04_MediumBonus_UVa732,https://onlinejudge.org/external/7/732.pdf
10,2026/04/28,Stack,After-Class_Practices,After Class Easy,LeetCode,232,Implement Queue using Stacks,After-Class_Practices/Week10_01_LeetCode232,https://leetcode.com/problems/implement-queue-using-stacks/
10,2026/04/28,Stack,After-Class_Practices,After Class Medium,LeetCode,150,Evaluate Reverse Polish Notation,After-Class_Practices/Week10_02_LeetCode150,https://leetcode.com/problems/evaluate-reverse-polish-notation/
11,2026/05/05,Queue,Before-Class_Exercises,Before Class Easy,LeetCode,1700,Number of Students Unable to Eat Lunch,Before-Class_Exercises/Week11_01_LeetCode1700,https://leetcode.com/problems/number-of-students-unable-to-eat-lunch/
11,2026/05/05,Queue,Before-Class_Exercises,Before Class Medium,LeetCode,950,Reveal Cards in Increasing Order,Before-Class_Exercises/Week11_02_LeetCode950,https://leetcode.com/problems/reveal-cards-in-increasing-order/
11,2026/05/05,Queue,On-Site_Examinations,On-site Easy,UVa,10935,Throwing cards away,On-Site_Examinations/Week11_01_UVa10935,https://onlinejudge.org/external/109/10935.pdf
11,2026/05/05,Queue,On-Site_Examinations,On-site Medium,UVa,540,Team Queue,On-Site_Examinations/Week11_02_UVa540,https://onlinejudge.org/external/5/540.pdf
11,2026/05/05,Queue,On-Site_Examinations,On-site Easy Bonus,UVa,12207,That is Your Queue,On-Site_Examinations/Week11_03_EasyBonus_UVa12207,https://onlinejudge.org/external/122/12207.pdf
11,2026/05/05,Queue,On-Site_Examinations,On-site Medium Bonus,UVa,11988,Broken Keyboard,On-Site_Examinations/Week11_04_MediumBonus_UVa11988,https://onlinejudge.org/external/119/11988.pdf
11,2026/05/05,Queue,After-Class_Practices,After Class Easy,LeetCode,622,Design Circular Queue,After-Class_Practices/Week11_01_LeetCode622,https://leetcode.com/problems/design-circular-queue/
11,2026/05/05,Queue,After-Class_Practices,After Class Medium,LeetCode,641,Design Circular Deque,After-Class_Practices/Week11_02_LeetCode641,https://leetcode.com/problems/design-circular-deque/
12,2026/05/12,Complete binary tree indexing + binary search tree intro,Before-Class_Exercises,Before Class Easy,LeetCode,1022,Sum of Root To Leaf Binary Numbers,Before-Class_Exercises/Week12_01_LeetCode1022,https://leetcode.com/problems/sum-of-root-to-leaf-binary-numbers/
12,2026/05/12,Complete binary tree indexing + binary search tree intro,Before-Class_Exercises,Before Class Medium,LeetCode,110,Balanced Binary Tree,Before-Class_Exercises/Week12_02_LeetCode110,https://leetcode.com/problems/balanced-binary-tree/
12,2026/05/12,Complete binary tree indexing + binary search tree intro,On-Site_Examinations,On-site Easy,UVa,11615,Family Tree,On-Site_Examinations/Week12_01_UVa11615,https://onlinejudge.org/external/116/11615.pdf
12,2026/05/12,Complete binary tree indexing + binary search tree intro,On-Site_Examinations,On-site Medium,UVa,679,Dropping Balls,On-Site_Examinations/Week12_02_UVa679,https://onlinejudge.org/external/6/679.pdf
12,2026/05/12,Complete binary tree indexing + binary search tree intro,On-Site_Examinations,On-site Easy Bonus,UVa,12347,Binary Search Tree,On-Site_Examinations/Week12_03_EasyBonus_UVa12347,https://onlinejudge.org/external/123/12347.pdf
12,2026/05/12,Complete binary tree indexing + binary search tree intro,On-Site_Examinations,On-site Medium Bonus,UVa,10821,Constructing BST,On-Site_Examinations/Week12_04_MediumBonus_UVa10821,https://onlinejudge.org/external/108/10821.pdf
12,2026/05/12,Complete binary tree indexing + binary search tree intro,After-Class_Practices,After Class Easy,LeetCode,222,Count Complete Tree Nodes,After-Class_Practices/Week12_01_LeetCode222,https://leetcode.com/problems/count-complete-tree-nodes/
12,2026/05/12,Complete binary tree indexing + binary search tree intro,After-Class_Practices,After Class Medium,LeetCode,1022,Sum of Root To Leaf Binary Numbers,After-Class_Practices/Week12_02_LeetCode1022,https://leetcode.com/problems/sum-of-root-to-leaf-binary-numbers/
13,2026/05/19,2D array + weak dynamic programming ramp,Before-Class_Exercises,Before Class Easy,LeetCode,62,Unique Paths,Before-Class_Exercises/Week13_01_LeetCode62,https://leetcode.com/problems/unique-paths/
13,2026/05/19,2D array + weak dynamic programming ramp,Before-Class_Exercises,Before Class Medium,LeetCode,64,Minimum Path Sum,Before-Class_Exercises/Week13_02_LeetCode64,https://leetcode.com/problems/minimum-path-sum/
13,2026/05/19,2D array + weak dynamic programming ramp,On-Site_Examinations,On-site Easy,UVa,10189,Minesweeper,On-Site_Examinations/Week13_01_UVa10189,https://onlinejudge.org/external/101/10189.pdf
13,2026/05/19,2D array + weak dynamic programming ramp,On-Site_Examinations,On-site Medium,UVa,11349,Symmetric Matrix,On-Site_Examinations/Week13_02_UVa11349,https://onlinejudge.org/external/113/11349.pdf
13,2026/05/19,2D array + weak dynamic programming ramp,On-Site_Examinations,On-site Easy Bonus,UVa,11450,Wedding Shopping,On-Site_Examinations/Week13_03_EasyBonus_UVa11450,https://onlinejudge.org/external/114/11450.pdf
13,2026/05/19,2D array + weak dynamic programming ramp,On-Site_Examinations,On-site Medium Bonus,UVa,10405,Longest Common Subsequence,On-Site_Examinations/Week13_04_MediumBonus_UVa10405,https://onlinejudge.org/external/104/10405.pdf
13,2026/05/19,2D array + weak dynamic programming ramp,After-Class_Practices,After Class Easy,LeetCode,63,Unique Paths II,After-Class_Practices/Week13_01_LeetCode63,https://leetcode.com/problems/unique-paths-ii/
13,2026/05/19,2D array + weak dynamic programming ramp,After-Class_Practices,After Class Medium,LeetCode,1143,Longest Common Subsequence,After-Class_Practices/Week13_02_LeetCode1143,https://leetcode.com/problems/longest-common-subsequence/
14,2026/05/26,Heaps + seat reservation + set,Before-Class_Exercises,Before Class Easy,LeetCode,1046,Last Stone Weight,Before-Class_Exercises/Week14_01_LeetCode1046,https://leetcode.com/problems/last-stone-weight/
14,2026/05/26,Heaps + seat reservation + set,Before-Class_Exercises,Before Class Medium,LeetCode,1845,Seat Reservation Manager,Before-Class_Exercises/Week14_02_LeetCode1845,https://leetcode.com/problems/seat-reservation-manager/
14,2026/05/26,Heaps + seat reservation + set,On-Site_Examinations,On-site Easy,UVa,10252,Common Permutation,On-Site_Examinations/Week14_01_UVa10252,https://onlinejudge.org/external/102/10252.pdf
14,2026/05/26,Heaps + seat reservation + set,On-Site_Examinations,On-site Medium,UVa,10041,Vito's Family,On-Site_Examinations/Week14_02_UVa10041,https://onlinejudge.org/external/100/10041.pdf
14,2026/05/26,Heaps + seat reservation + set,On-Site_Examinations,On-site Easy Bonus,UVa,10954,Add All,On-Site_Examinations/Week14_03_EasyBonus_UVa10954,https://onlinejudge.org/external/109/10954.pdf
14,2026/05/26,Heaps + seat reservation + set,On-Site_Examinations,On-site Medium Bonus,UVa,11286,Conformity,On-Site_Examinations/Week14_04_MediumBonus_UVa11286,https://onlinejudge.org/external/112/11286.pdf
14,2026/05/26,Heaps + seat reservation + set,After-Class_Practices,After Class Easy,LeetCode,703,Kth Largest in a Stream,After-Class_Practices/Week14_01_LeetCode703,https://leetcode.com/problems/kth-largest-element-in-a-stream/
14,2026/05/26,Heaps + seat reservation + set,After-Class_Practices,After Class Medium,LeetCode,347,Top K Frequent Elements,After-Class_Practices/Week14_02_LeetCode347,https://leetcode.com/problems/top-k-frequent-elements/
15,2026/06/02,Greedy: Intervals + booking,Before-Class_Exercises,Before Class Easy,LeetCode,228,Summary Ranges,Before-Class_Exercises/Week15_01_LeetCode228,https://leetcode.com/problems/summary-ranges/
15,2026/06/02,Greedy: Intervals + booking,Before-Class_Exercises,Before Class Medium,LeetCode,56,Merge Intervals,Before-Class_Exercises/Week15_02_LeetCode56,https://leetcode.com/problems/merge-intervals/
15,2026/06/02,Greedy: Intervals + booking,On-Site_Examinations,On-site Easy,UVa,12405,Scarecrow,On-Site_Examinations/Week15_01_UVa12405,https://onlinejudge.org/external/124/12405.pdf
15,2026/06/02,Greedy: Intervals + booking,On-Site_Examinations,On-site Medium,UVa,11292,Dragon of Loowater,On-Site_Examinations/Week15_02_UVa11292,https://onlinejudge.org/external/112/11292.pdf
15,2026/06/02,Greedy: Intervals + booking,On-Site_Examinations,On-site Easy Bonus,UVa,12356,Army Buddies,On-Site_Examinations/Week15_03_EasyBonus_UVa12356,https://onlinejudge.org/external/123/12356.pdf
15,2026/06/02,Greedy: Intervals + booking,On-Site_Examinations,On-site Medium Bonus,UVa,10020,Minimal coverage,On-Site_Examinations/Week15_04_MediumBonus_UVa10020,https://onlinejudge.org/external/100/10020.pdf
15,2026/06/02,Greedy: Intervals + booking,After-Class_Practices,After Class Easy,LeetCode,1893,Range Covered,After-Class_Practices/Week15_01_LeetCode1893,https://leetcode.com/problems/check-if-all-the-integers-in-a-range-are-covered/
15,2026/06/02,Greedy: Intervals + booking,After-Class_Practices,After Class Medium,LeetCode,435,Non-overlapping Intervals,After-Class_Practices/Week15_02_LeetCode435,https://leetcode.com/problems/non-overlapping-intervals/
